{
    "intents": [
      {
        "tag": "greeting",
        "patterns": [
          "Hi", "Hello", "Hey", "Good morning", "Good afternoon", "Good evening",
          "Hi there", "What's up", "Howdy", "Hey assistant", "Hey there"
        ],
        "responses": [
          "Hello! How can I help you?",
          "Hi there! What can I do for you?",
          "Greetings! How may I assist you today?",
          "Hey! Need something?",
          "Hi! Ready to assist."
        ]
      },
      {
        "tag": "farewell",
        "patterns": [
          "Goodbye", "Bye", "See you later", "Have a good day", "Talk to you later",
          "Catch you later", "I'm done", "Exit", "Quit", "Close the assistant"
        ],
        "responses": [
          "Goodbye! Have a great day!",
          "See you later!",
          "Bye! Come back soon.",
          "Take care!",
          "Logging off now. Bye!"
        ]
      },
      {
        "tag": "weather",
        "patterns": [
          "What's the weather like?", "How's the weather today?", "Is it going to rain today?",
          "Weather forecast", "Will it be sunny today?", "Do I need an umbrella?",
          "Tell me the weather", "Is it hot outside?", "Is it cold today?", "How's the temperature?"
        ],
        "responses": [
          "I can check the weather for you.",
          "Let me look up the weather forecast.",
          "The weather information is not available in this demo.",
          "Try checking a weather website for real-time info."
        ]
      },
      {
        "tag": "time",
        "patterns": [
          "What time is it?", "Current time", "What's the time now?", "Tell me the time",
          "Time please", "Do you know the time?", "Give me the time", "What's the hour?"
        ],
        "responses": [
          "The current time is not available in this demo.",
          "I can't provide real-time information in this demo.",
          "This demo doesn't support live time queries.",
          "Try checking your device's clock."
        ]
      },
      {
        "tag": "joke",
        "patterns": [
          "Tell me a joke", "Make me laugh", "Do you know any jokes?", "Say something funny",
          "Crack a joke", "Can you make me smile?", "Give me a funny one"
        ],
        "responses": [
          "Why don't scientists trust atoms? Because they make up everything!",
          "Did you hear about the mathematician who's afraid of negative numbers? He'll stop at nothing to avoid them!",
          "Why don't skeletons fight each other? They don't have the guts!",
          "What do you call fake spaghetti? An impasta!",
          "I would tell you a construction joke, but I'm still working on it."
        ]
      },
      {
        "tag": "news",
        "patterns": [
          "What's the news?", "Latest headlines", "Any news today?", "Tell me the news",
          "What's happening in the world?", "Current events", "News update", "Give me the news"
        ],
        "responses": [
          "I can fetch the latest news for you.",
          "Here are some news headlines (demo only).",
          "News retrieval is not implemented in this demo.",
          "Try checking a news website for up-to-date info."
        ]
      },
      {
        "tag": "help",
        "patterns": [
          "Help", "What can you do?", "How does this work?", "I need help", "What are my options?",
          "Guide me", "How do I use this?", "Tell me your features", "List your functions"
        ],
        "responses": [
          "I can help with various tasks like telling time, weather, jokes, or news.",
          "You can ask me about weather, time, news, or just ask for a joke!",
          "I'm here to help with simple queries. Try asking about time, weather, or news.",
          "Ask me things like 'What's the time?' or 'Tell me a joke'."
        ]
      },
      {
        "tag": "how_are_you",
        "patterns": [
          "How are you?",
          "How are you doing?",
          "What's up?",
          "How's it going?",
          "Are you okay?",
          "You good?",
          "How do you feel?"
        ],
        "responses": [
          "I'm just a bunch of code, but I'm doing great!",
          "I'm functioning perfectly, thank you!",
          "All systems operational!",
          "Feeling awesome and ready to help!",
          "Doing great! How about you?"
        ]
      },      
      {
        "tag": "thanks",
        "patterns": [
          "Thanks", "Thank you", "Thanks a lot", "Thanks assistant", "Much appreciated",
          "Thanks for your help", "Appreciate it"
        ],
        "responses": [
          "You're welcome!",
          "No problem at all!",
          "Happy to help!",
          "Anytime!",
          "Glad I could assist!"
        ]
      },
      {
        "tag": "name",
        "patterns": [
          "What is your name?", "Who are you?", "Do you have a name?", "Tell me your name",
          "What's your assistant name?"
        ],
        "responses": [
          "I'm your virtual assistant!",
          "You can call me Assistant.",
          "I'm just a friendly chatbot here to help.",
          "No fancy name yet, just here to serve!"
        ]
      },
      
      {
        "tag": "unknown",
        "patterns": [],
        "responses": [
          "I'm not sure I understand. Can you rephrase?",
          "Sorry, I didn't catch that. Try asking something else.",
          "Hmm, that doesn't seem familiar. Try a different question.",
          "I'm still learning. Please try again!"
        ]
      }
    ]
  }
  